{
  "corpus/patterns/notifications.md": 1775805177.5850968,
  "corpus/patterns/usermanagement.md": 1775805177.5878623,
  "corpus/patterns/settings.md": 1775805177.5875201,
  "corpus/patterns/wizard.md": 1775805177.588314,
  "corpus/patterns/dashboard.md": 1775805177.5825727,
  "corpus/patterns/search-results.md": 1775805177.5868547,
  "corpus/patterns/form.md": 1775805177.5840726,
  "corpus/patterns/login.md": 1775805177.5847204,
  "corpus/patterns/personal-details.md": 1775805177.585906,
  "corpus/patterns/empty-state.md": 1775805177.583178,
  "corpus/components/accordion.md": 1775805177.5804856,
  "corpus/components/buttons.md": 1775805177.577491,
  "corpus/components/slider.md": 1775805177.5751183,
  "corpus/components/menu.md": 1775805177.580693,
  "corpus/components/card.md": 1775805177.5808864,
  "corpus/components/toolbar.md": 1775805177.5761712,
  "corpus/components/carousel.md": 1775805177.575281,
  "corpus/components/progress-stepper.md": 1775805177.579416,
  "corpus/components/tag.md": 1775805177.5767672,
  "corpus/components/checkbox.md": 1775805177.5773005,
  "corpus/components/pagination.md": 1775805177.5790334,
  "corpus/components/select.md": 1775805177.5769396,
  "corpus/components/table.md": 1775805177.5766258,
  "corpus/components/file-upload.md": 1775805177.575494,
  "corpus/components/list.md": 1775805177.5800939,
  "corpus/components/dialog.md": 1775805177.574849,
  "corpus/components/tabs.md": 1775805177.578674,
  "corpus/components/chips.md": 1775805177.5780897,
  "corpus/components/progress-indicator.md": 1775805177.5792284,
  "corpus/components/radio-button.md": 1775805177.577116,
  "corpus/components/snackbar.md": 1775805177.578292,
  "corpus/components/input-fields.md": 1775805177.5779104,
  "corpus/components/breadcrumb.md": 1775805177.5788548,
  "corpus/components/tree.md": 1775805177.58025,
  "corpus/components/links.md": 1775805177.5742238,
  "corpus/components/switch.md": 1775805177.5776722,
  "corpus/components/avatar.md": 1775805177.579927,
  "corpus/components/tooltip.md": 1775805177.5745435,
  "corpus/components/badge.md": 1775805177.5784986,
  "corpus/components/navigation-drawer.md": 1775805177.5764203
}